{"weights": [0.5351938531330281, 1.808378839895207, -2.835242215272107, -1.2899958736869783], "bias": 0.3387857858627604}